,Tags
0,100 Naked Words
1,2015
2,2016
3,2016 Election
4,2017
5,3D Printing
6,AI
7,API
8,AWS
9,Abortion
10,Abuse
11,Academia
12,Accessibility
13,Accounting
14,Action
15,Activism
16,Addiction
17,Adventure
18,Advertising
19,Advice
20,Africa
21,Agency
22,Agile
23,Aging
24,Agriculture
25,Airbnb
26,Airlines
27,Alcohol
28,Algorithms
29,Amazon
30,America
31,Amor
32,Analytics
33,Andela
34,Android
35,Android App Development
36,Angularjs
37,Animals
38,Animation
39,Anime
40,Anxiety
41,App
42,Apple
43,Apple Watch
44,Apps
45,Architecture
46,Argentina
47,Art
48,Arte
49,Articles
50,Artificial Intelligence
51,Artist
52,Asian American
53,Astrology
54,Astronomy
55,Atheism
56,Audio
57,Augmented Reality
58,Australia
59,Authenticity
60,Autism
61,Autoconhecimento
62,Automation
63,Automotive
64,Autonomous Cars
65,B2B
66,Baby
67,Backpacking
68,Bad Credit Loans
69,Bahasa Indonesia
70,Banking
71,Barack Obama
72,Baseball
73,Basic Income
74,Basketball
75,Beauty
76,Beer
77,Berlin
78,Bernie Sanders
79,Bible
80,Big Data
81,Bikes
82,Birthday
83,Bitcoin
84,Black Women
85,BlackLivesMatter
86,Blockchain
87,Blog
88,Blogger
89,Blogging
90,Body Image
91,Bodybuilding
92,Book
93,Book Review
94,Books
95,Boston
96,Bots
97,Brand Strategy
98,Branding
99,Brasil
100,Brazil
101,Breakups
102,Brexit
103,Buddhism
104,Bullying
105,Business
106,Business Development
107,Business Strategy
108,CRM
109,CSS
110,California
111,Cameras
112,Canada
113,Cancer
114,Cannabis
115,Capitalism
116,Career
117,Career Advice
118,Career Change
119,Careers
120,Cars
121,Cartoon
122,Castellano
123,Cats
124,Celebrity
125,Challenge
126,Change
127,Charity
128,Chatbots
129,Chicago
130,Childhood
131,Children
132,China
133,Chinese
134,Christianity
135,Christmas
136,Church
137,Cinema
138,Cities
139,Cleaning
140,Climate Change
141,Clothing
142,Cloud Computing
143,Coaching
144,Code
145,Coding
146,Coffee
147,Collaboration
148,College
149,College Football
150,Colombia
151,Comedy
152,Comics
153,Communication
154,Community
155,Community Engagement
156,Company Culture
157,Compassion
158,Comportamento
159,Computer Science
160,Computers
161,Conference
162,Confidence
163,Congress
164,Consciousness
165,Conservation
166,Construction
167,Consulting
168,Content
169,Content Marketing
170,Content Strategy
171,Conto
172,Contos
173,Conversations
174,Cooking
175,Copyright
176,Copywriting
177,Corporate Culture
178,Corruption
179,Cotidiano
180,Courage
181,Coworking
182,Craft Beer
183,Creative
184,Creative Process
185,Creative Writing
186,Creativity
187,Criatividade
188,Cricket
189,Crime
190,Criminal Justice
191,Criminal Justice Reform
192,Cronica
193,Crowdfunding
194,Cryptocurrency
195,Crônicas
196,Cuba
197,Cuento
198,Cultura
199,Culture
200,Customer Experience
201,Customer Service
202,Cybersecurity
203,Cycling
204,DIY
205,Dance
206,Data
207,Data Science
208,Data Visualization
209,Dating
210,Death
211,Debt
212,Decision Making
213,Deep Learning
214,Democracy
215,Democrats
216,Dentist
217,Dentistry
218,Depression
219,Design
220,Design Process
221,Design Thinking
222,Deutsch
223,DevOps
224,Developer
225,Development
226,Devotional
227,Diabetes
228,Diary
229,Diet
230,Digital
231,Digital Marketing
232,Digital Nomads
233,Digital Transformation
234,Disability
235,Disney
236,Disruption
237,Diversity
238,Diversity In Tech
239,Divorce
240,Docker
241,Documentary
242,Dogs
243,Domestic Violence
244,Donald Trump
245,Drawing
246,Dreams
247,Drones
248,Drugs
249,Dubai
250,ES6
251,Ecommerce
252,Economia
253,Economics
254,Economy
255,Edtech
256,Education
257,Education Reform
258,Education Technology
259,Educação
260,Election 2016
261,Elections
262,Elon Musk
263,Email
264,Email Marketing
265,Emotional Intelligence
266,Emotions
267,Empathy
268,Employee Engagement
269,Empowerment
270,Empreendedorismo
271,Energy
272,Engineering
273,English Language
274,Entertainment
275,Entrepreneur
276,Entrepreneurship
277,Environment
278,Equality
279,Erotica
280,Escrita
281,Espanol
282,Español
283,Esports
284,Essay
285,Ethereum
286,Ethics
287,Europe
288,European Union
289,Event Planning
290,Events
291,Evolution
292,Exam
293,Exercise
294,Experience
295,Facebook
296,Facebookpages
297,Failure
298,Faith
299,Family
300,Fantasy
301,Fantasy Football
302,Fashion
303,Fat Burning Foods
304,Fatherhood
305,Fear
306,Featured
307,Features
308,Feedback
309,Feelings
310,Feminism
311,Feminismo
312,Festival
313,Fiction
314,Fiksi Mini
315,Film
316,Filmmaking
317,Filosofia
318,Finance
319,Fintech
320,First Post
321,Fitness
322,Flash Fiction
323,Flickr
324,Flowers
325,Focus
326,Food
327,Football
328,Foreign Policy
329,Forex
330,Forex Trading
331,Forgiveness
332,Fotografia
333,Founders
334,Francais
335,France
336,Free
337,Freedom
338,Freelance
339,Freelancing
340,French
341,Friends
342,Friendship
343,Front End Development
344,Fun
345,Functional Programming
346,Fundraising
347,Funny
348,Furniture
349,Futbol
350,Futebol
351,Future
352,Future Of Food
353,Future Of Work
354,Gambling
355,Game Development
356,Game of Thrones
357,Games
358,Gaming
359,Gardening
360,Gay
361,Gender
362,Gender Equality
363,Germany
364,Gifts
365,Git
366,Github
367,Goals
368,God
369,Golang
370,Golf
371,Google
372,Government
373,Grand Home Design
374,Graphic Design
375,Gratitude
376,Greece
377,Grief
378,Growing Up
379,Growth
380,Growth Hacking
381,Gun Control
382,Gun Violence
383,Guns
384,Gym
385,HR
386,Habit Building
387,Habits
388,Hackathons
389,Hacking
390,Haiku
391,Hair
392,Hair Salon
393,Hairdressers
394,Hairdressing
395,Halloween
396,Happiness
397,Hardware
398,Harry Potter
399,Healing
400,Health
401,Health Foods
402,Health Recipe
403,Health Technology
404,Healthcare
405,Healthy Foods
406,Heartbreak
407,Hello World
408,High School
409,Higher Education
410,Hiking
411,Hillary Clinton
412,Hip Hop
413,Hiring
414,Historia
415,History
416,Holidays
417,Hollywood
418,Home
419,Home Decor
420,Home Improvement
421,Homeless
422,Hong Kong
423,Hope
424,Horror
425,Hotel
426,Housing
427,How To
428,Human Resources
429,Human Rights
430,Humanity
431,Humor
432,Humour
433,IFTTT
434,ISIS
435,Ideas
436,Identity
437,Illustration
438,Ilustration
439,Immigration
440,Inbound Marketing
441,India
442,Indonesia
443,Inequality
444,Influencer Marketing
445,Infographics
446,Information Technology
447,Innovation
448,Inspiration
449,Inspirational
450,Instagram
451,Insurance
452,Interaction Design
453,Interior Design
454,Internet
455,Internet Marketing
456,Internet of Things
457,Internships
458,Interview
459,Introvert
460,Investing
461,Investment
462,IoT
463,Iran
464,Ireland
465,Islam
466,Islamophobia
467,Israel
468,Italia
469,Italian
470,Italiano
471,Italy
472,Japan
473,Japanese
474,Java
475,JavaScript
476,Jeremy Corbyn
477,Jesus
478,Jewelry
479,Job Hunting
480,Job Search
481,Jobs
482,Jornalismo
483,Journal
484,Journalism
485,Justice
486,Kanye West
487,Kickstarter
488,Kids
489,Kindness
490,LGBTQ
491,Labour Party
492,Language
493,Language Learning
494,Laravel
495,Lavoro
496,Law
497,Lawyers
498,Lead Generation
499,Leadership
500,Leadership Development
501,Lean Startup
502,Learning
503,Learning To Code
504,Legal
505,Letters
506,Life
507,Life Advice
508,Life Hacking
509,Life Lessons
510,Lifestyle
511,LinkedIn
512,Linux
513,Lists
514,Literatura
515,Literature
516,Live Streaming
517,Livros
518,Logistics
519,Logo Design
520,London
521,Loneliness
522,Los Angeles
523,Loss
524,Love
525,Love And Sex
526,Lunar New Year
527,MLB
528,Mac
529,Machine Learning
530,Make Money Online
531,Makers
532,Makeup
533,Malaysia
534,Management
535,Manufacturing
536,Marathon
537,Marijuana
538,Market Research Reports
539,Marketing
540,Marriage
541,Marvel
542,Mathematics
543,Media
544,Medicine
545,Meditation
546,Medium
547,Medium Brasil
548,Medium En Español
549,Medium France
550,Medium Italia
551,Medium Japan
552,Medium Turkish
553,Meetings
554,Memes
555,Memoir
556,Memories
557,Memory
558,Men
559,Mental Health
560,Mental Illness
561,Mentorship
562,Messaging
563,Meteor
564,Mexico
565,Microsoft
566,Middle East
567,Military
568,Millennials
569,Mindfulness
570,Mindset
571,Minimalism
572,Mobile
573,Mobile App Development
574,Mobile Application
575,Mobile Apps
576,Money
577,Mortgage
578,Motherhood
579,Motivation
580,Motorcycle
581,Movie
582,Movie Review
583,Movies
584,Moving
585,Museums
586,Music
587,Music Business
588,Musica
589,Muslim
590,NASA
591,NBA
592,NFL
593,NYC
594,NaNoWriMo
595,Nature
596,Nepal
597,Net Neutrality
598,Netflix
599,Networking
600,Neuroscience
601,New Year
602,New Years Resolutions
603,New York
604,New York City
605,New Zealand
606,News
607,Nigeria
608,Nodejs
609,Nonfiction
610,Nonprofit
611,Nostalgia
612,Novel
613,Nutrition
614,Obama
615,Obamacare
616,Oculus Rift
617,Oil
618,Olympics
619,On Demand
620,Online
621,Online Dating
622,Online Marketing
623,Online Shopping
624,Open Data
625,Open Source
626,Opinion
627,Organizational Culture
628,Orlando
629,Outdoors
630,Outsourcing
631,PHP
632,PPC
633,PPC Marketing
634,Pain
635,Painting
636,Pakistan
637,Palestine
638,Parenting
639,Paris
640,ParisAttacks
641,Passion
642,Payday Loans
643,Payments
644,Peace
645,People
646,Performance
647,Periodismo
648,Periscope
649,Personal
650,Personal Branding
651,Personal Development
652,Personal Finance
653,Personal Growth
654,Perspective
655,Pets
656,Philanthropy
657,Philippines
658,Philosophy
659,Photo
660,Photography
661,Photojournalism
662,Photos
663,Physics
664,Planning
665,Plastic Surgery
666,Podcast
667,Podcasts
668,Poem
669,Poema
670,Poems
671,Poesia
672,Poesia Brasileira
673,Poesia Cotidiana
674,Poetry
675,Poetry On Medium
676,Pokemon
677,Pokemon Go
678,Pokémon Go
679,Police
680,Police Brutality
681,Polish
682,Politica
683,Politics
684,Política
685,Pop Culture
686,Portugal
687,Positive Thinking
688,Poverty
689,Prayer
690,Pregnancy
691,Presentations
692,Prison
693,Privacy
694,Procrastination
695,Product
696,Product Design
697,Product Development
698,Product Hunt
699,Product Management
700,Productivity
701,Professional Development
702,Programming
703,Project Management
704,Property
705,Prose
706,Prototyping
707,Psicologia
708,Psychology
709,Public Relations
710,Public Speaking
711,Publishing
712,Puisi
713,Purpose
714,Python
715,Questions
716,Quotes
717,Racconto
718,Race
719,Racism
720,Radio
721,Rap
722,Rape
723,Rape Culture
724,React
725,React Native
726,Reading
727,Real Estate
728,Real Estate Investments
729,Recipe
730,Recovery
731,Recruiting
732,Redes Sociais
733,Reflections
734,Reflexao
735,Refugees
736,Regular
737,Relacionamentos
738,Relationships
739,Religion
740,Remote Working
741,Renewable Energy
742,Republican Party
743,Research
744,Responsive Design
745,Restaurant
746,Resume
747,Retail
748,Retirement
749,Review
750,Reviews
751,Rio De Janeiro
752,Roadtrip
753,Robotics
754,Rock
755,Romance
756,Ruby
757,Ruby on Rails
758,Running
759,Russia
760,Russian
761,SEO
762,SaaS
763,Sadness
764,Safety
765,Sales
766,Salesforce
767,Samsung
768,San Francisco
769,Satire
770,School
771,Science
772,Science Fiction
773,Scrum
774,Security
775,Self Driving Cars
776,Self Esteem
777,Self Improvement
778,Self Love
779,Self Publishing
780,Self-awareness
781,Service Design
782,Services
783,Sex
784,Sexism
785,Sexual Assault
786,Sexuality
787,Sharing Economy
788,Shoes
789,Shopping
790,Short Fiction
791,Short Story
792,Short Term Loans
793,Silicon Valley
794,Singapore
795,Sketch
796,Skincare
797,Slack
798,Sleep
799,Small Business
800,Smart Cities
801,Smart Home
802,Smartphones
803,Smoking
804,Snapchat
805,Soccer
806,Social Change
807,Social Enterprise
808,Social Innovation
809,Social Justice
810,Social Media
811,Social Media Marketing
812,Sociedade
813,Society
814,Software
815,Software Development
816,Software Engineering
817,Software Testing
818,Solar Energy
819,South Africa
820,Space
821,Spain
822,Spanish
823,Spirituality
824,Sports
825,Spotify
826,Stantonfilm
827,Star Wars
828,Startup
829,Startup Lessons
830,Startups
831,Statistics
832,Steve Jobs
833,Stock Market
834,Stories
835,Story
836,Storytelling
837,Strategy
838,Streaming
839,Street Photography
840,Stress
841,Student Loans
842,Students
843,Study Abroad
844,Style
845,Sublimetext
846,Success
847,Suicide
848,Summer
849,Supreme Court
850,Surveillance
851,Sustainability
852,Sustainable Development
853,Swift
854,Syria
855,TV
856,TV Series
857,Taiwan
858,Tattoo
859,Taxes
860,Taxi
861,Tea
862,Teaching
863,Team Building
864,Teamwork
865,Tech
866,Technews
867,Technology
868,Tecnologia
869,Teens
870,Television
871,Tennis
872,Terrorism
873,Tesla
874,Test
875,Testing
876,Texas
877,Textos
878,Thailand
879,Thanksgiving
880,Theatre
881,Thinking
882,This Happened To Me
883,Thoughts
884,Time
885,Time Management
886,Tinder
887,Tips
888,Tips And Tricks
889,Tokyo
890,Tools
891,Toronto
892,Tourism
893,Trabalho
894,Trade
895,Trading
896,Training
897,Transgender
898,Translation
899,Transportation
900,Travel
901,Travel Tips
902,Travel Writing
903,Traveling
904,Trends
905,Trump
906,Trust
907,Truth
908,Tumblr
909,Turkce
910,Turkey
911,Turkish
912,Tutorial
913,Twitter
914,Typography
915,Türkçe
916,UI
917,UI Design
918,UK Politics
919,USA
920,UX
921,UX Design
922,Uber
923,Ubuntu
924,Ukraine
925,Uncategorized
926,United Nations
927,University
928,Urban Planning
929,Usability
930,User Experience
931,User Research
932,VR
933,Vacation
934,Valentines Day
935,Vegan
936,Venezuela
937,Venture Capital
938,Veterans
939,Viagem
940,Vida
941,Video
942,Video Games
943,Video Marketing
944,Videogames
945,Videos
946,Vietnam
947,Violence
948,Virtual Reality
949,Volunteering
950,Voting
951,War
952,Watches
953,Water
954,Wearables
955,Web
956,Web Design
957,Web Development
958,Web Hosting
959,Website
960,Websites
961,Wedding Photography
962,Wedding Planning
963,Weddings
964,Weight Loss
965,Weight Loss Tips
966,Weightloss Foods
967,Weightloss Recipe
968,Wellbeing
969,Wellness
970,White Privilege
971,Wifi
972,Windows
973,Windows 10
974,Wine
975,Winter
976,Wisdom
977,Women
978,Women In Tech
979,Womens Health
980,WordPress
981,Words
982,Work
983,Work Life Balance
984,Workout
985,World
986,Writing
987,Writing Prompts
988,Writing Tips
989,Yoga
990,YouTube
991,Youth
992,Zen
993,eBooks
994,iOS
995,iOS App Development
996,iPad
997,iPhone
998,日本語
999,제이제이닷컴
