,global_taglist
0,
1,2016
2,2016 Election
3,2017
4,3D Printing
5,AI
6,API
7,AWS
8,Abortion
9,Abuse
10,Academia
11,Accessibility
12,Accounting
13,Action
14,Activism
15,Addiction
16,Adventure
17,Advertising
18,Advice
19,Africa
20,Agency
21,Agile
22,Aging
23,Agriculture
24,Airbnb
25,Airlines
26,Alcohol
27,Algorithms
28,Amazon
29,America
30,Amor
31,Analytics
32,Andela
33,Android
34,Android App Development
35,Angularjs
36,Animals
37,Animation
38,Anime
39,Anxiety
40,App
41,Apple
42,Apple Watch
43,Apps
44,Architecture
45,Argentina
46,Art
47,Arte
48,Articles
49,Artificial Intelligence
50,Artist
51,Asian American
52,Astrology
53,Astronomy
54,Atheism
55,Audio
56,Augmented Reality
57,Australia
58,Authenticity
59,Autism
60,Autoconhecimento
61,Automation
62,Automotive
63,Autonomous Cars
64,B2B
65,Baby
66,Backpacking
67,Banking
68,Barack Obama
69,Baseball
70,Basic Income
71,Basketball
72,Beauty
73,Berlin
74,Bernie Sanders
75,Bible
76,Big Data
77,Bikes
78,Birthday
79,Bitcoin
80,Black Women
81,BlackLivesMatter
82,Blockchain
83,Blog
84,Blogger
85,Blogging
86,Body Image
87,Bodybuilding
88,Book
89,Book Review
90,Books
91,Boston
92,Bots
93,Brand Strategy
94,Branding
95,Brasil
96,Breakups
97,Brexit
98,Buddhism
99,Bullying
100,Business
101,Business Development
102,Business Strategy
103,CRM
104,CSS
105,California
106,Cameras
107,Canada
108,Cancer
109,Cannabis
110,Capitalism
111,Career
112,Career Advice
113,Career Change
114,Careers
115,Cars
116,Cartoon
117,Cats
118,Celebrity
119,Challenge
120,Change
121,Charity
122,Chatbots
123,Chicago
124,Childhood
125,Children
126,China
127,Chinese
128,Christianity
129,Christmas
130,Church
131,Cinema
132,Cities
133,Cleaning
134,Climate Change
135,Clothing
136,Cloud Computing
137,Coaching
138,Code
139,Coding
140,Coffee
141,Collaboration
142,College
143,College Football
144,Colombia
145,Comedy
146,Comics
147,Communication
148,Community
149,Community Engagement
150,Company Culture
151,Compassion
152,Comportamento
153,Computer Science
154,Computers
155,Conference
156,Confidence
157,Congress
158,Consciousness
159,Conservation
160,Construction
161,Consulting
162,Content
163,Content Marketing
164,Content Strategy
165,Conversations
166,Cooking
167,Copyright
168,Copywriting
169,Corporate Culture
170,Corruption
171,Courage
172,Coworking
173,Craft Beer
174,Creative
175,Creative Process
176,Creative Writing
177,Creativity
178,Criatividade
179,Cricket
180,Crime
181,Criminal Justice
182,Criminal Justice Reform
183,Crowdfunding
184,Cryptocurrency
185,Crônicas
186,Cuba
187,Cultura
188,Culture
189,Customer Experience
190,Customer Service
191,Cybersecurity
192,Cycling
193,DIY
194,Dance
195,Data
196,Data Science
197,Data Visualization
198,Dating
199,Death
200,Debt
201,Decision Making
202,Deep Learning
203,Democracy
204,Democrats
205,Depression
206,Design
207,Design Process
208,Design Thinking
209,DevOps
210,Developer
211,Development
212,Diabetes
213,Diary
214,Diet
215,Digital
216,Digital Marketing
217,Digital Nomads
218,Digital Transformation
219,Disability
220,Disney
221,Disruption
222,Diversity
223,Diversity In Tech
224,Divorce
225,Docker
226,Documentary
227,Dogs
228,Domestic Violence
229,Donald Trump
230,Drawing
231,Dreams
232,Drones
233,Drugs
234,Dubai
235,ES6
236,Ecommerce
237,Economia
238,Economics
239,Economy
240,Edtech
241,Education
242,Education Reform
243,Education Technology
244,Elections
245,Elon Musk
246,Email
247,Email Marketing
248,Emotional Intelligence
249,Emotions
250,Empathy
251,Employee Engagement
252,Empowerment
253,Empreendedorismo
254,Energy
255,Engineering
256,English Language
257,Entertainment
258,Entrepreneur
259,Entrepreneurship
260,Environment
261,Equality
262,Erotica
263,Escrita
264,Español
265,Esports
266,Essay
267,Ethereum
268,Ethics
269,Europe
270,Event Planning
271,Events
272,Evolution
273,Exam
274,Exercise
275,Experience
276,Facebook
277,Failure
278,Faith
279,Family
280,Fantasy
281,Fantasy Football
282,Fashion
283,Fat Burning Foods
284,Fatherhood
285,Fear
286,Featured
287,Features
288,Feedback
289,Feelings
290,Feminism
291,Feminismo
292,Festival
293,Fiction
294,Film
295,Filmmaking
296,Finance
297,Fintech
298,First Post
299,Fitness
300,Flash Fiction
301,Flickr
302,Flowers
303,Focus
304,Food
305,Football
306,Foreign Policy
307,Forgiveness
308,Fotografia
309,Founders
310,France
311,Free
312,Freedom
313,Freelance
314,Freelancing
315,French
316,Friends
317,Friendship
318,Front End Development
319,Fun
320,Functional Programming
321,Fundraising
322,Funny
323,Futebol
324,Future
325,Future Of Work
326,Gambling
327,Game Development
328,Game of Thrones
329,Games
330,Gaming
331,Gardening
332,Gay
333,Gender
334,Gender Equality
335,Germany
336,Gifts
337,Git
338,Github
339,Goals
340,God
341,Golang
342,Golf
343,Google
344,Government
345,Graphic Design
346,Gratitude
347,Greece
348,Grief
349,Growing Up
350,Growth
351,Growth Hacking
352,Gun Control
353,Gun Violence
354,Guns
355,Gym
356,HR
357,Habit Building
358,Habits
359,Hackathons
360,Hacking
361,Haiku
362,Hair
363,Halloween
364,Happiness
365,Hardware
366,Harry Potter
367,Healing
368,Health
369,Health Foods
370,Health Recipe
371,Health Technology
372,Healthcare
373,Healthy Foods
374,Heartbreak
375,Hello World
376,High School
377,Higher Education
378,Hiking
379,Hillary Clinton
380,Hip Hop
381,Hiring
382,Historia
383,History
384,Holidays
385,Hollywood
386,Home
387,Home Improvement
388,Homeless
389,Hong Kong
390,Hope
391,Horror
392,Hotel
393,Housing
394,How To
395,Human Resources
396,Human Rights
397,Humanity
398,Humor
399,Humour
400,ISIS
401,Ideas
402,Identity
403,Illustration
404,Immigration
405,Inbound Marketing
406,India
407,Indonesia
408,Inequality
409,Influencer Marketing
410,Infographics
411,Information Technology
412,Innovation
413,Inspiration
414,Inspirational
415,Instagram
416,Insurance
417,Interaction Design
418,Interior Design
419,Internet
420,Internet Marketing
421,Internet of Things
422,Internships
423,Interview
424,Introvert
425,Investing
426,Investment
427,IoT
428,Iran
429,Ireland
430,Islam
431,Islamophobia
432,Israel
433,Italia
434,Italy
435,Japan
436,Japanese
437,Java
438,JavaScript
439,Jeremy Corbyn
440,Jesus
441,Jewelry
442,Job Hunting
443,Job Search
444,Jobs
445,Journal
446,Journalism
447,Justice
448,Kanye West
449,Kickstarter
450,Kids
451,Kindness
452,LGBTQ
453,Labour Party
454,Language
455,Language Learning
456,Laravel
457,Law
458,Lawyers
459,Lead Generation
460,Leadership
461,Leadership Development
462,Lean Startup
463,Learning
464,Learning To Code
465,Legal
466,Letters
467,Life
468,Life Advice
469,Life Hacking
470,Life Lessons
471,Lifestyle
472,LinkedIn
473,Linux
474,Lists
475,Literatura
476,Literature
477,Live Streaming
478,Logistics
479,Logo Design
480,London
481,Loneliness
482,Los Angeles
483,Loss
484,Love
485,Love And Sex
486,MLB
487,Mac
488,Machine Learning
489,Makers
490,Makeup
491,Malaysia
492,Management
493,Manufacturing
494,Marathon
495,Marijuana
496,Marketing
497,Marriage
498,Marvel
499,Mathematics
500,Media
501,Medicine
502,Meditation
503,Medium
504,Medium Brasil
505,Medium En Español
506,Meetings
507,Memes
508,Memoir
509,Memories
510,Memory
511,Men
512,Mental Health
513,Mental Illness
514,Mentorship
515,Messaging
516,Meteor
517,Mexico
518,Microsoft
519,Middle East
520,Military
521,Millennials
522,Mindfulness
523,Mindset
524,Minimalism
525,Mobile
526,Mobile App Development
527,Mobile Application
528,Mobile Apps
529,Money
530,Mortgage
531,Motherhood
532,Motivation
533,Motorcycle
534,Movie
535,Movie Review
536,Movies
537,Moving
538,Museums
539,Music
540,Music Business
541,Musica
542,Muslim
543,NASA
544,NBA
545,NFL
546,NYC
547,NaNoWriMo
548,Nature
549,Nepal
550,Net Neutrality
551,Netflix
552,Networking
553,Neuroscience
554,New Year
555,New Years Resolutions
556,New York
557,New York City
558,New Zealand
559,News
560,Nigeria
561,Nodejs
562,Nonfiction
563,Nonprofit
564,Nostalgia
565,Novel
566,Nutrition
567,Obama
568,Obamacare
569,Oil
570,Olympics
571,On Demand
572,Online
573,Online Dating
574,Online Marketing
575,Online Shopping
576,Open Data
577,Open Source
578,Opinion
579,Organizational Culture
580,Orlando
581,Outdoors
582,PHP
583,Pain
584,Painting
585,Palestine
586,Parenting
587,Paris
588,Passion
589,Payments
590,Peace
591,People
592,Performance
593,Personal
594,Personal Branding
595,Personal Development
596,Personal Finance
597,Personal Growth
598,Perspective
599,Pets
600,Philanthropy
601,Philippines
602,Philosophy
603,Photography
604,Photojournalism
605,Photos
606,Physics
607,Planning
608,Podcast
609,Podcasts
610,Poem
611,Poema
612,Poems
613,Poesia
614,Poetry
615,Poetry On Medium
616,Pokemon
617,Pokémon Go
618,Police
619,Police Brutality
620,Politica
621,Politics
622,Política
623,Pop Culture
624,Positive Thinking
625,Poverty
626,Prayer
627,Pregnancy
628,Presentations
629,Prison
630,Privacy
631,Procrastination
632,Product
633,Product Design
634,Product Development
635,Product Hunt
636,Product Management
637,Productivity
638,Professional Development
639,Programming
640,Project Management
641,Prose
642,Prototyping
643,Psicologia
644,Psychology
645,Public Relations
646,Public Speaking
647,Publishing
648,Purpose
649,Python
650,Questions
651,Quotes
652,Race
653,Racism
654,Rap
655,Rape
656,Rape Culture
657,React
658,React Native
659,Reading
660,Real Estate
661,Real Estate Investments
662,Recipe
663,Recovery
664,Recruiting
665,Reflections
666,Refugees
667,Relacionamentos
668,Relationships
669,Religion
670,Remote Working
671,Renewable Energy
672,Republican Party
673,Research
674,Responsive Design
675,Restaurant
676,Resume
677,Retail
678,Retirement
679,Review
680,Reviews
681,Roadtrip
682,Robotics
683,Rock
684,Romance
685,Ruby
686,Ruby on Rails
687,Running
688,Russia
689,Russian
690,SEO
691,SaaS
692,Sadness
693,Safety
694,Sales
695,Salesforce
696,Samsung
697,San Francisco
698,Satire
699,School
700,Science
701,Science Fiction
702,Scrum
703,Security
704,Self Driving Cars
705,Self Esteem
706,Self Improvement
707,Self Love
708,Self Publishing
709,Self-awareness
710,Service Design
711,Sex
712,Sexism
713,Sexual Assault
714,Sexuality
715,Sharing Economy
716,Shopping
717,Short Fiction
718,Short Story
719,Silicon Valley
720,Singapore
721,Sketch
722,Skincare
723,Slack
724,Sleep
725,Small Business
726,Smart Cities
727,Smart Home
728,Smartphones
729,Smoking
730,Snapchat
731,Soccer
732,Social Change
733,Social Enterprise
734,Social Justice
735,Social Media
736,Social Media Marketing
737,Sociedade
738,Society
739,Software
740,Software Development
741,Software Engineering
742,Software Testing
743,Solar Energy
744,South Africa
745,Space
746,Spain
747,Spanish
748,Spirituality
749,Sports
750,Spotify
751,Star Wars
752,Startup
753,Startup Lessons
754,Startups
755,Statistics
756,Steve Jobs
757,Stock Market
758,Stories
759,Story
760,Storytelling
761,Strategy
762,Streaming
763,Street Photography
764,Stress
765,Student Loans
766,Students
767,Style
768,Success
769,Suicide
770,Summer
771,Supreme Court
772,Surveillance
773,Sustainability
774,Sustainable Development
775,Swift
776,Syria
777,TV
778,TV Series
779,Taiwan
780,Tattoo
781,Taxes
782,Tea
783,Teaching
784,Team Building
785,Teamwork
786,Tech
787,Technews
788,Technology
789,Tecnologia
790,Teens
791,Television
792,Tennis
793,Terrorism
794,Tesla
795,Test
796,Testing
797,Texas
798,Textos
799,Thailand
800,Thanksgiving
801,Theatre
802,Thinking
803,This Happened To Me
804,Thoughts
805,Time
806,Time Management
807,Tinder
808,Tips
809,Tips And Tricks
810,Tokyo
811,Tools
812,Toronto
813,Tourism
814,Trabalho
815,Trade
816,Trading
817,Training
818,Transgender
819,Translation
820,Transportation
821,Travel
822,Travel Tips
823,Travel Writing
824,Traveling
825,Trends
826,Trump
827,Trust
828,Truth
829,Turkey
830,Tutorial
831,Twitter
832,Typography
833,Türkçe
834,UI
835,UI Design
836,UK Politics
837,USA
838,UX
839,UX Design
840,Uber
841,Ubuntu
842,Ukraine
843,Uncategorized
844,United Nations
845,University
846,Urban Planning
847,Usability
848,User Experience
849,User Research
850,VR
851,Vacation
852,Valentines Day
853,Vegan
854,Venture Capital
855,Veterans
856,Viagem
857,Vida
858,Video
859,Video Games
860,Video Marketing
861,Videogames
862,Videos
863,Vietnam
864,Violence
865,Virtual Reality
866,Volunteering
867,Voting
868,War
869,Water
870,Wearables
871,Web
872,Web Design
873,Web Development
874,Web Hosting
875,Website
876,Websites
877,Wedding Planning
878,Weddings
879,Weight Loss
880,Weight Loss Tips
881,Weightloss Foods
882,Wellbeing
883,Wellness
884,White Privilege
885,Wifi
886,Windows
887,Windows 10
888,Wine
889,Winter
890,Wisdom
891,Women
892,Women In Tech
893,Womens Health
894,WordPress
895,Words
896,Work
897,Work Life Balance
898,Workout
899,World
900,Writing
901,Writing Prompts
902,Writing Tips
903,Yoga
904,YouTube
905,Youth
906,Zen
907,eBooks
908,iOS
909,iOS App Development
910,iPad
911,iPhone
912,日本語
913,Text
914,Coronavirus
915,Covid