,Links
0,https://medium.com/tenderlymag/look-closer-at-the-natural-world-c4c765d69212?source=topic_page---------------------------20
1,https://medium.com/live-your-life-on-purpose/mystical-source-of-art-and-how-art-transforms-32fd8e1ac2f2?source=topic_page---------0------------------1
2,https://medium.com/aiga-eye-on-design/multimedia-artist-jaime-levy-was-at-the-forefront-of-web-design-before-websites-even-existed-55de40b0c4f2?source=topic_page---------1------------------1
3,https://medium.com/@sheaseeryyy/miya-ando-invites-you-to-navigate-the-silver-river-of-time-945b8b3d68a2?source=topic_page---------2------------------1
4,https://medium.com/@eugenhotaj
5,https://medium.com/@emir.dini/murals-in-the-ghetto-how-art-is-used-to-gentrify-communities-of-color-92b4472f9f8a?source=topic_page---------4------------------1
6,https://medium.com/super-jump/is-half-life-alyx-the-vr-game-weve-been-waiting-for-519ead49e757?source=topic_page---------5------------------1
7,https://medium.com/signifier/ancient-beakers-were-something-new-150d86e42d5c?source=topic_page---------6------------------1
8,https://medium.com/swlh/youre-allowed-to-ask-bec415d25a36?source=topic_page---------7------------------1
9,https://medium.com/@annalia/the-russian-avant-garde-d68ce117b71c?source=topic_page---------8------------------1
10,https://towardsdatascience.com/how-to-get-beautiful-results-with-neural-style-transfer-75d0c05d6489?source=topic_page---------9------------------1
11,https://medium.com/@dooleyyoung/peony-windows-and-patent-wars-thoughts-on-the-artist-who-revolutionized-stained-glass-f4a39ca3f132?source=topic_page---------10------------------1
12,https://medium.com/@maria_vole/henriette-emilie-finne-staging-stories-of-the-human-condition-c8f40ec19234?source=topic_page---------11------------------1
13,https://medium.com/@admin_94592/the-best-gaudí-mosaics-from-around-the-world-971f75a7bc9a?source=topic_page---------12------------------1
14,https://medium.com/thinksheet/the-painting-that-hangs-on-my-study-wall-6d1e060903fe?source=topic_page---------13------------------1
15,https://medium.com/swlh/image-analysis-for-no-name-7b3d5160ae54?source=topic_page---------14------------------1
16,https://medium.com/national-gallery-of-australia/hugh-ramsay-bright-star-93253ab63d77?source=topic_page---------15------------------1
17,https://medium.com/@richellegribble/in-a-place-far-far-away-49e7de53532c?source=topic_page---------16------------------1
18,https://medium.com/swlh/how-museums-shape-design-602fc13fecc5?source=topic_page---------17------------------1
19,https://medium.com/vsco-viewfinder/photography-creating-at-home-shelter-in-place-mental-health-coronavirus-24f9efb6e0d8?source=topic_page---------18------------------1
20,https://gen.medium.com/my-spouse-and-i-are-using-google-arts-culture-to-keep-the-spark-while-separated-due-to-coronavirus-94f82e53e2cb?source=topic_page---------19------------------1
21,https://medium.com/minneapolis-institute-of-art/the-case-of-the-missing-rembrandt-927826c0c699?source=topic_page---------20------------------1
22,https://medium.com/swlh/rebellious-anatomy-ditch-the-rules-93559a61f6b3?source=topic_page---------21------------------1
23,https://medium.com/@timgallo/misconseption-about-portrait-lenses-daffdb38d947?source=topic_page---------22------------------1
24,https://medium.com/placelab/the-building-as-gallery-27ef525d4a10?source=topic_page---------23------------------1
25,https://medium.com/minneapolis-institute-of-art/the-gods-of-compassion-2edd0156fad2?source=topic_page---------24------------------1
26,https://medium.com/@lizziechatham/a-brief-history-of-art-commodification-34dcebe7c74?source=topic_page---------25------------------1
27,https://medium.com/mutualart/into-the-inferno-from-dante-to-eric-armusik-25b4b8926195?source=topic_page---------26------------------1
28,https://medium.com/a-sense-of-place/the-uncanny-melancholy-of-empty-photographs-in-the-time-of-coronavirus-7dd61d4ca93?source=topic_page---------27------------------1
29,https://medium.com/pandemic-dispatches/the-mandarin-frog-man-is-the-only-man-who-really-gets-it-7e699d9b1f1b?source=topic_page---------28------------------1
30,https://medium.com/publishous/art-is-not-about-skill-its-about-these-three-things-e9a67f9a9b5d?source=topic_page---------29------------------1
31,https://medium.com/@stonestreet/the-art-of-being-shattered-3ee6a07881f8?source=topic_page---------30------------------1
32,https://medium.com/super-jump/the-art-of-game-design-analysis-cd58d752741a?source=topic_page---------31------------------1
33,https://medium.com/@PacoTaylor/16-times-comic-book-artists-absolutely-rocked-hip-hop-album-cover-art-522aad4151df?source=topic_page---------32------------------1
34,https://medium.com/@cvonhassett/the-beguiling-desolations-of-trisha-donnelly-239c794988c7?source=topic_page---------33------------------1
35,https://medium.com/@Theculturemonster/americans-need-the-arts-now-more-than-ever-5b2ef9916ef7?source=topic_page---------34------------------1
36,https://eidolon.pub/city-beautiful-9b6943bc7473?source=topic_page---------35------------------1
37,https://medium.com/sashas-comics/guide-on-creating-your-own-web-comic-bcf59cf15f00?source=topic_page---------36------------------1
38,https://medium.com/@brianhmatthews/unraveling-fantasy-the-homoerotic-neoclassicism-of-jean-cocteau-e7ccca92382?source=topic_page---------37------------------1
39,https://medium.com/quaint-revolt/what-carried-us-over-teaches-us-how-to-carry-on-the-legacy-of-surviving-c9e66b569857?source=topic_page---------38------------------1
40,https://medium.com/quaint-revolt/the-other-side-of-now-is-a-successful-glimpse-into-the-caribbean-future-460dcd70306e?source=topic_page---------39------------------1
41,https://medium.com/swlh/trickling-down-hide-and-seek-239fe43fe3bc?source=topic_page---------40------------------1
42,https://medium.com/signifier/making-room-for-rothko-459372589be5?source=topic_page---------41------------------1
43,https://medium.com/@artwizardbg/barbara-kruger-the-feminist-contemporary-artist-of-the-20th-century-cf5336fc4ae4?source=topic_page---------42------------------1
44,https://medium.com/mutualart/digging-for-secrets-in-the-garden-of-earthly-delights-d8144ea0ffce?source=topic_page---------43------------------1
45,https://medium.com/@ArtGeek/a-quick-history-of-landscape-painting-in-western-art-c3dc3d1763a9?source=topic_page---------44------------------1
46,https://medium.com/pulpmag/meet-the-artist-behind-cakeland-la-the-beauty-war-dd22f411559e?source=topic_page---------45------------------1
47,https://medium.com/thinksheet/how-to-read-paintings-self-portrait-by-albrecht-dürer-7bfbb148b691?source=topic_page---------46------------------1
48,https://medium.com/mutualart/inside-henry-dargers-outsider-art-e893c8b35dff?source=topic_page---------47------------------1
49,https://medium.com/@lizziechatham/is-there-a-bubble-in-the-art-market-950f3ec88a83?source=topic_page---------48------------------1
50,https://medium.com/publishous/how-to-become-a-real-artist-cf96eba57f4c?source=topic_page---------49------------------1
51,https://medium.com/@kyleTwebster/stop-saying-starving-artist-6a8881f5a80f?source=topic_page---------50------------------1
52,https://medium.com/fourth-wave/ferlinghetti-day-is-coming-for-you-a98be41a5201?source=topic_page---------51------------------1
53,https://onezero.medium.com/how-i-accidentally-created-an-infinite-pixel-hellscape-fe070551365f?source=topic_page---------52------------------1
54,https://medium.com/@eatpaintchic/memory-and-meaning-william-dolan-and-karen-perl-in-chicago-streets-and-ways-57cdcc7d7ef1?source=topic_page---------53------------------1
55,https://medium.com/thinksheet/lessons-in-spontaneity-in-the-art-of-paul-klee-d9d41c5ace31?source=topic_page---------54------------------1
56,https://medium.com/mutualart/the-slow-evolution-of-chinese-representational-art-e487b20d233c?source=topic_page---------55------------------1
57,https://medium.com/@raoulkoopman/old-frame-new-paint-who-dis-14b2abb1f938?source=topic_page---------56------------------1
58,https://medium.com/@walshkeith123/making-your-own-system-tosh-berman-on-his-father-artist-wallace-berman-7d1160916e51?source=topic_page---------57------------------1
59,https://medium.com/swlh/what-writers-can-learn-from-visual-artist-statements-daa6544cd85a?source=topic_page---------58------------------1
60,https://medium.com/@ViKitsune/nationality-is-overestimated-and-the-modern-history-of-textiles-can-show-us-why-463ee9a6cb73?source=topic_page---------59------------------1
61,https://medium.com/swlh/real-art-is-dangerous-again-thank-goodness-184c19a75f40?source=topic_page---------60------------------1
62,https://medium.com/@antpol/the-surreal-humorist-shigeo-fukuda-22e338e9b9ec?source=topic_page---------61------------------1
63,https://medium.com/@havi_nguyen/the-paradox-of-native-art-at-the-met-18638270061b?source=topic_page---------62------------------1
64,https://medium.com/@a.ashni.014/menstrual-art-how-do-we-read-it-b713715c03c0?source=topic_page---------63------------------1
65,https://medium.com/@anthonydoe16/caribbean-art-bridged-my-african-american-and-afro-panamanian-identities-3011dd86ef22?source=topic_page---------64------------------1
66,https://medium.com/the-neo-humanist-museum/the-empty-museum-8ed23c1431d1?source=topic_page---------65------------------1
67,https://medium.com/lotus-fruit/botticellis-venus-a-symbol-of-western-european-contemporary-beauty-2aca1293f336?source=topic_page---------66------------------1
68,https://medium.com/signifier/a-narrative-of-colour-and-form-b042adb37e93?source=topic_page---------67------------------1
69,https://medium.com/@saigongarcon/portrait-of-a-barista-desired-3e0c08a77693?source=topic_page---------68------------------1
70,https://medium.com/@antonischaliakopoulos/from-hermaphroditus-to-aphrodite-the-transformation-of-a-statue-in-18th-century-britain-69e956db0310?source=topic_page---------69------------------1
71,https://medium.com/super-jump/great-desolate-adventures-671b6b8717e?source=topic_page---------70------------------1
72,https://medium.com/@gestalten/the-last-kalinga-tattoo-artist-9a4c63da545f?source=topic_page---------71------------------1
73,https://medium.com/@carljennings/the-shape-of-perception-the-art-of-james-turrell-e911c90e4a6?source=topic_page---------72------------------1
74,https://medium.com/@milowissig/the-painting-yale-lost-59a2c0c5a372?source=topic_page---------73------------------1
75,https://gen.medium.com/medium-rare-our-favorite-stories-about-canceling-plans-and-staying-in-571da42e5bb2?source=topic_page---------74------------------1
76,https://medium.com/@authorlaurynellis/picasso-and-guernica-early-protest-art-with-an-enduring-message-91bf3772af5e?source=topic_page---------75------------------1
77,https://medium.com/@ennyman/local-art-seen-andy-messerschmidts-striking-iconography-at-the-dai-41e976abaeb0?source=topic_page---------76------------------1
78,https://medium.com/tenderlymag/this-is-what-people-got-when-they-donated-to-a-humane-society-in-exchange-for-a-drawing-of-their-624be2c486e2?source=topic_page---------77------------------1
79,https://medium.com/age-of-awareness/art-sparks-and-soothes-528ae6629ab6?source=topic_page---------78------------------1
80,https://medium.com/@skydart927/swift-strokes-and-dope-beats-is-rap-the-new-impressionism-a52f117370d0?source=topic_page---------79------------------1
81,https://medium.com/@david_36137/the-israeli-art-version-of-lyrical-abstract-e83d3e9c12ce?source=topic_page---------80------------------1
82,https://medium.com/tenderlymag/why-medieval-cats-look-like-that-b6f49deae43c?source=topic_page---------81------------------1
83,https://medium.com/world-ocean-forum/a-stunning-art-installation-showing-sea-level-rise-cd0df0092c48?source=topic_page---------82------------------1
84,https://medium.com/fast-company/how-to-give-yourself-a-better-job-when-quitting-feels-like-your-only-option-and-you-cant-quit-71cb97405bd8?source=topic_page---------83------------------1
85,https://medium.com/@unseenjapan/ukiyo-e-the-floating-world-of-edo-japan-d6a92ef1a6c4?source=topic_page---------84------------------1
86,https://medium.com/swlh/drawing-with-twigs-713e6fa2fad9?source=topic_page---------85------------------1
87,https://medium.com/edtech-trends/experiencing-immersive-art-in-colorado-be574043d825?source=topic_page---------86------------------1
88,https://medium.com/nightingale/the-essence-of-seeing-surrealism-relativity-and-quantum-mechanics-94537b37d909?source=topic_page---------87------------------1
89,https://medium.com/@jayemsey/on-art-and-its-existence-in-isolation-7458de15482e?source=topic_page---------88------------------1
90,https://medium.com/@tmb444/painting-in-the-dark-72895061f958?source=topic_page---------89------------------1
91,https://medium.com/as-mag/judd-fe68c045571e?source=topic_page---------90------------------1
92,https://medium.com/literally-literary/europa-redux-197b8f30f17d?source=topic_page---------91------------------1
93,https://medium.com/signifier/the-fine-line-between-decoration-and-decadence-f09104c97db8?source=topic_page---------92------------------1
94,https://medium.com/thinksheet/how-to-read-paintings-wanderer-above-the-sea-of-fog-by-caspar-david-friedrich-b8c8f0e20d45?source=topic_page---------93------------------1
95,https://medium.com/super-jump/returning-to-midgar-23-years-later-e6abc53db041?source=topic_page---------94------------------1
96,https://medium.com/nightingale/data-visualization-as-an-act-of-witnessing-33e346f5e437?source=topic_page---------95------------------1
97,https://medium.com/better-marketing/relax-you-may-have-already-done-the-work-that-kickstarts-your-career-77e8333cf180?source=topic_page---------96------------------1
98,https://medium.com/cma-thinker/gold-needles-korean-embroidery-arts-from-the-womens-inner-quarters-and-beyond-20b4bd97b12a?source=topic_page---------97------------------1
99,https://medium.com/@rachelpinheiro12/analysis-of-trauma-representation-in-anime-and-manga-b287fb634724?source=topic_page---------98------------------1
100,https://medium.com/@FinchMF/what-is-post-internet-glitch-art-7baba654345a?source=topic_page---------99------------------1
101,https://medium.com/humungus/my-dad-luke-skywalker-69c40502a234?source=topic_page---------100------------------1
102,https://medium.com/the-neo-humanist-museum/sounding-it-out-3794986a96d2?source=topic_page---------101------------------1
103,https://medium.com/better-marketing/your-ownership-rights-as-a-freelance-writer-7a44c0ed5788?source=topic_page---------102------------------1
104,https://medium.com/@cynthiahsiao/the-art-of-austrian-history-a64bc3f5247d?source=topic_page---------103------------------1
105,https://medium.com/swlh/how-to-be-a-great-life-model-41af79df46ea?source=topic_page---------104------------------1
106,https://medium.com/@jlil1024/the-black-female-servitude-behind-every-white-subject-b14f2b4f7df4?source=topic_page---------105------------------1
107,https://medium.com/super-jump/revolutionizing-horror-with-ms-paint-a9d0c556d47a?source=topic_page---------106------------------1
108,https://medium.com/a-history-of-color/pop-art-breaking-the-barrier-between-art-and-the-common-person-a3e1d23965e5?source=topic_page---------107------------------1
109,https://medium.com/thinksheet/why-do-works-of-art-sell-for-millions-of-dollars-70c46e57f700?source=topic_page---------108------------------1
110,https://medium.com/swlh/crypto-artists-bring-collaborative-art-to-new-heights-9d0dd80fed3d?source=topic_page---------109------------------1
0,https://forge.medium.com/growing-a-beard-during-tough-times-has-psychological-benefits-7d4a92f11bdd?source=topic_page---------------------------20
1,https://medium.com/@thaddeusasherhan/skincare-as-a-force-for-good-b-human-founder-yeeli-lee-on-people-the-planet-and-profit-1c190dc2a3d4?source=topic_page---------0------------------1
2,https://medium.com/@shanisilver/i-for-one-have-been-trimming-my-own-bangs-for-years-67658fa6f69a?source=topic_page---------1------------------1
3,https://medium.com/an-injustice/a-new-wave-of-women-are-refusing-to-remove-their-body-hair-im-one-of-them-a040956a28e4?source=topic_page---------2------------------1
4,https://medium.com/@jacquidetwiler
5,https://medium.com/refinery29/how-to-trim-your-fringe-while-social-distancing-3c388199540e?source=topic_page---------4------------------1
6,https://medium.com/pulpmag/some-ugly-thoughts-on-ugliness-b1271bff0f9e?source=topic_page---------5------------------1
7,https://medium.com/refinery29/7-women-who-cut-their-own-hair-at-home-show-us-how-its-done-5b9fbce36f97?source=topic_page---------6------------------1
8,https://medium.com/swlh/will-prestige-beauty-brands-change-due-to-the-corona-pandemic-204303842e9e?source=topic_page---------7------------------1
9,https://medium.com/@gugumashava/the-rise-in-surgery-within-south-koreas-teenagers-cc435efbb4c2?source=topic_page---------8------------------1
10,https://level.medium.com/pray-for-us-all-in-this-time-of-barberlessness-1341518f700?source=topic_page---------9------------------1
11,https://medium.com/an-injustice/self-made-black-hair-15fb89fc6b03?source=topic_page---------10------------------1
12,https://medium.com/@jillianlinkowski/divas-in-diapers-child-beauty-pageants-80ac6418f733?source=topic_page---------11------------------1
13,https://medium.com/pulpmag/meet-the-artist-behind-cakeland-la-the-beauty-war-dd22f411559e?source=topic_page---------12------------------1
14,https://medium.com/@lucasbane/love-is-not-something-you-earn-at-the-gym-aec97cc1609d?source=topic_page---------13------------------1
15,https://medium.com/fearless-she-wrote/fresh-faced-and-focused-on-work-54d6a51a1dcf?source=topic_page---------14------------------1
16,https://medium.com/home-sweet-home/how-to-teach-your-daughter-about-skincare-76982bf16580?source=topic_page---------15------------------1
17,https://medium.com/@jamiejacksonati/the-psychological-menace-of-hair-loss-f75dcee4b3c9?source=topic_page---------16------------------1
18,https://medium.com/@michellevscott/there-is-a-difference-between-body-positivity-body-acceptance-and-fat-acceptance-heres-why-184d6cad90a2?source=topic_page---------17------------------1
19,https://medium.com/indelible-ink/its-okay-if-you-re-fat-f38ffda90a03?source=topic_page---------18------------------1
20,https://medium.com/shattered-memories/i-dont-want-to-be-ashamed-of-my-body-anymore-7485c9eec957?source=topic_page---------19------------------1
21,https://psiloveyou.xyz/name-the-beauty-that-you-see-601419760fdf?source=topic_page---------20------------------1
22,https://medium.com/the-partnered-pen/billie-eilish-strips-down-boundaries-and-body-image-in-145-words-f1876bd9a4ee?source=topic_page---------21------------------1
23,https://medium.com/narrative/how-to-be-body-positive-with-an-80-year-old-body-da593743fa29?source=topic_page---------22------------------1
24,https://medium.com/@mara_80582/being-gay-didnt-save-me-from-diet-culture-but-it-may-have-helped-947fb4ed7370?source=topic_page---------23------------------1
25,https://medium.com/song-of-the-lark/embracing-beauty-and-self-acceptance-as-an-asian-american-woman-f283f5bd8e15?source=topic_page---------24------------------1
26,https://psiloveyou.xyz/your-flaws-are-proof-your-beauty-is-real-2a415be3fd4d?source=topic_page---------25------------------1
27,https://medium.com/the-bad-influence/may-i-show-you-my-breasts-227bc691dbfb?source=topic_page---------26------------------1
28,https://medium.com/fattitude/i-am-a-fat-woman-and-im-not-sorry-about-it-5eea7e447c79?source=topic_page---------27------------------1
29,https://medium.com/climate-conscious/is-sustainable-fashion-a-deliverable-promise-8b63bd9d067f?source=topic_page---------28------------------1
30,https://medium.com/swlh/skin-deep-the-trouble-with-beauty-mode-4f86ba11f572?source=topic_page---------29------------------1
31,https://medium.com/@DebbieWalker59/who-is-that-wrinkled-woman-in-the-mirror-7d84c1cc8e52?source=topic_page---------30------------------1
32,https://elemental.medium.com/10-things-health-care-providers-can-do-to-better-treat-their-fat-patients-6ac7131eb20c?source=topic_page---------31------------------1
33,https://medium.com/liberty-76/teen-magazines-made-me-hate-myself-2f82d19f9fa?source=topic_page---------32------------------1
34,https://medium.com/sexography/the-shame-around-shaving-needs-to-stop-now-f8eb043b0e8f?source=topic_page---------33------------------1
35,https://medium.com/@swimfly143/what-would-happen-if-you-started-each-morning-by-telling-yourself-that-you-are-beautiful-9b53c3d852a1?source=topic_page---------34------------------1
36,https://medium.com/unlearning-to-learn/is-curly-hair-unprofessional-b93a5504abc6?source=topic_page---------35------------------1
37,https://medium.com/soccer-domme/why-at-almost-50-im-giving-up-my-pretty-privilege-861e445b24b1?source=topic_page---------36------------------1
38,https://medium.com/refinery29/what-to-say-instead-of-youre-not-fat-c122ae9b6fed?source=topic_page---------37------------------1
39,https://medium.com/conscious-life/love-sex-and-disabled-women-we-want-to-be-sexy-too-b08c64ae41d3?source=topic_page---------38------------------1
40,https://psiloveyou.xyz/self-love-in-the-face-of-self-criticism-7c962ad2c0d3?source=topic_page---------39------------------1
41,https://medium.com/fearless-she-wrote/youre-not-a-failure-if-you-have-a-moment-of-weakness-in-your-journey-47d179f02381?source=topic_page---------40------------------1
42,https://medium.com/age-of-awareness/why-i-stopped-wanting-to-be-attractive-37cf27883adc?source=topic_page---------41------------------1
43,https://medium.com/fearless-she-wrote/when-you-get-into-a-beauty-rut-1e64b8a8e61c?source=topic_page---------42------------------1
44,https://medium.com/fearless-she-wrote/the-struggle-of-balancing-health-and-self-love-a3a8fd11a271?source=topic_page---------43------------------1
45,https://medium.com/@Sarishka_spee26/social-media-and-body-image-in-young-women-8e1612f5612c?source=topic_page---------44------------------1
46,https://humanparts.medium.com/eat-yourself-alive-or-die-trying-a9ad721d76ae?source=topic_page---------45------------------1
47,https://medium.com/mind-body-food/my-body-is-not-yours-to-critique-ab94b595698a?source=topic_page---------46------------------1
48,https://medium.com/the-partnered-pen/time-to-lose-my-freak-flag-2a2979051db5?source=topic_page---------47------------------1
49,https://medium.com/crows-feet/how-to-be-beautiful-after-sixty-200ce4972bcd?source=topic_page---------48------------------1
50,https://medium.com/@carolinebond_10676/my-body-is-more-than-a-project-ee6fd65ee3dd?source=topic_page---------49------------------1
51,https://medium.com/refinery29/confessions-of-a-bikini-waxer-the-dirty-truth-19bde48c0d3a?source=topic_page---------50------------------1
52,https://medium.com/nightingale/federica-fragapane-on-visualizing-theatre-childrens-books-and-more-bcb9b5174b21?source=topic_page---------51------------------1
53,https://medium.com/an-injustice/dear-hair-im-sorry-i-ve-treated-you-so-poorly-2211acc31331?source=topic_page---------52------------------1
54,https://medium.com/refinery29/giving-up-makeup-as-a-fat-woman-taught-me-some-difficult-life-lessons-ee0a85e177c8?source=topic_page---------53------------------1
55,https://humanparts.medium.com/your-fat-friend-wants-you-to-read-the-comments-7c7714955261?source=topic_page---------54------------------1
56,https://medium.com/@docweighsin/do-you-really-need-to-wash-your-hair-with-shampoo-b3d65d373df0?source=topic_page---------55------------------1
57,https://medium.com/fearless-she-wrote/you-deserve-to-take-up-space-even-with-cystic-acne-dc155de557b?source=topic_page---------56------------------1
58,https://medium.com/candour/why-i-refuse-to-shave-my-legs-616bb7bb38a0?source=topic_page---------57------------------1
59,https://medium.com/@dawnbevier/bored-with-your-beauty-routine-heres-how-to-get-excited-about-makeup-again-e100a0ac74b?source=topic_page---------58------------------1
60,https://medium.com/fearless-she-wrote/why-women-turn-to-beauty-products-in-times-of-economic-hardship-f3530f20ae51?source=topic_page---------59------------------1
61,https://medium.com/fearless-she-wrote/5-things-adults-with-acne-want-you-to-know-a7e827fa6c87?source=topic_page---------60------------------1
62,https://medium.com/refinery29/bad-beauty-habits-the-experts-wish-youd-quit-9e950f1bdf29?source=topic_page---------61------------------1
63,https://medium.com/@kannfoster/going-natural-why-i-stopped-relaxing-my-hair-8bb588216ead?source=topic_page---------62------------------1
64,https://humanparts.medium.com/buttisittrue-10-facts-about-butt-aesthetics-a0d43df27f84?source=topic_page---------63------------------1
65,https://medium.com/createher-collective/hairfall-true-white-an-inside-look-at-the-bengali-beauty-scene-2c4573310d11?source=topic_page---------64------------------1
66,https://medium.com/@hannah.l.dorough/vogues-latest-youtube-series-the-models-is-seriously-problematic-b962b5088618?source=topic_page---------65------------------1
67,https://medium.com/afwp/do-what-makes-you-feel-good-3328dcbacd5?source=topic_page---------66------------------1
68,https://medium.com/@kittyireland/i-am-a-woman-and-i-have-hair-on-my-face-8a07a4f5b44f?source=topic_page---------67------------------1
69,https://medium.com/@hettie.williams/gabrielle-unions-hair-436480a36390?source=topic_page---------68------------------1
70,https://medium.com/refinery29/10-hollywood-actresses-on-the-beauty-reality-of-getting-older-3901b2df8110?source=topic_page---------69------------------1
71,https://elemental.medium.com/lack-of-sleep-is-your-skins-worst-nightmare-24a7e23a0c9a?source=topic_page---------70------------------1
72,https://medium.com/candour/yes-my-hair-is-real-no-you-cant-touch-it-6f304e9f01b1?source=topic_page---------71------------------1
73,https://medium.com/the-illusion-of-choice/hair-makeup-hidden-costs-for-women-in-the-workplace-6125b972afed?source=topic_page---------72------------------1
74,https://medium.com/refinery29/my-skin-two-years-after-giving-up-moisturiser-2501e9c8d109?source=topic_page---------73------------------1
75,https://humanparts.medium.com/picking-my-battle-on-dealing-with-trichotillomania-6b56f921df1b?source=topic_page---------74------------------1
76,https://medium.com/an-injustice/we-need-to-acknowledge-pretty-privilege-6f42c3a33821?source=topic_page---------75------------------1
77,https://medium.com/assemblage/im-not-sure-i-m-aging-gracefully-562b68e9999b?source=topic_page---------76------------------1
78,https://medium.com/@jessicagrace622/a-tale-of-two-eyebrows-the-absurdity-of-the-beauty-industry-7973f16bf62c?source=topic_page---------77------------------1
79,https://medium.com/@britatTHA/body-positivity-and-how-im-challenging-myself-to-love-the-skin-i-m-in-6942b800ec3?source=topic_page---------78------------------1
80,https://zora.medium.com/an-honest-review-of-my-tightly-coiled-natural-hair-17e0dbc609a2?source=topic_page---------79------------------1
81,https://medium.com/a-style-of-my-own/im-on-an-absolute-mission-to-find-the-perfect-blue-jeans-518b01265179?source=topic_page---------80------------------1
82,https://medium.com/refinery29/inside-the-strange-world-of-lip-balm-addiction-9c17cc56ea92?source=topic_page---------81------------------1
83,https://psiloveyou.xyz/stop-fighting-with-your-clothes-c81341066892?source=topic_page---------82------------------1
84,https://medium.com/refinery29/is-our-obsession-with-cute-beauty-products-ruining-the-planet-6de1f9e2f338?source=topic_page---------83------------------1
85,https://medium.com/sky-collection/you-are-a-beautiful-mess-8ac3eb34db8e?source=topic_page---------84------------------1
86,https://medium.com/an-injustice/as-a-child-i-was-told-i-would-be-too-curvy-for-ballet-6605f3a618fa?source=topic_page---------85------------------1
87,https://level.medium.com/a-sons-relationship-with-his-mother-s-hair-c0727d598ebc?source=topic_page---------86------------------1
88,https://medium.com/@kristenbmilburn/just-because-youve-got-it-doesn-t-mean-you-re-flaunting-it-8512ac2c2b93?source=topic_page---------87------------------1
89,https://medium.com/fearless-she-wrote/skinny-women-are-not-the-enemy-1a3270b05688?source=topic_page---------88------------------1
90,https://medium.com/refinery29/the-highs-lows-of-growing-up-with-red-hair-b0e3e49d636?source=topic_page---------89------------------1
91,https://medium.com/brownsugar28/my-300-pound-sex-life-86ce71f10ad9?source=topic_page---------90------------------1
92,https://medium.com/refinery29/what-its-like-being-the-bigger-girl-in-the-gym-b041cddaa474?source=topic_page---------91------------------1
93,https://medium.com/age-of-awareness/i-got-a-lecture-about-my-weave-from-a-mixed-woman-7973dfcb29e8?source=topic_page---------92------------------1
94,https://medium.com/swlh/we-need-everyday-fashion-for-disabled-people-5cbf612981f4?source=topic_page---------93------------------1
95,https://medium.com/national-center-for-institutional-diversity/her-body-her-style-black-girls-fashioning-freedom-b6cd28b5813e?source=topic_page---------94------------------1
96,https://medium.com/liberty-76/body-of-a-woman-1f639c5b9397?source=topic_page---------95------------------1
97,https://medium.com/refinery29/i-cut-my-long-hair-into-a-punky-pixie-crop-to-fight-ageism-bb783217dee3?source=topic_page---------96------------------1
98,https://medium.com/fearless-she-wrote/she-told-me-my-hair-was-unprofessional-7d882de8a4a8?source=topic_page---------97------------------1
99,https://forge.medium.com/get-that-i-just-quit-swagger-ef0d46bf9497?source=topic_page---------98------------------1
100,https://medium.com/fearless-she-wrote/my-fat-museum-2e8be650ad00?source=topic_page---------99------------------1
101,https://medium.com/age-of-awareness/revlon-is-bringing-clean-beauty-to-the-masses-3f385e9cb9ff?source=topic_page---------100------------------1
102,https://medium.com/@meadenik/should-a-ruined-body-be-bared-9787a3e621a8?source=topic_page---------101------------------1
103,https://arcdigital.media/screaming-into-the-architectural-void-f6a21e3466b3?source=topic_page---------102------------------1
104,https://medium.com/an-injustice/the-reason-you-hate-fat-bodies-isnt-because-you-care-about-their-health-88404e649a9d?source=topic_page---------103------------------1
105,https://medium.com/@michelleleechang/my-10-step-wash-day-routine-for-curly-wavy-hair-2b5613c8c883?source=topic_page---------104------------------1
106,https://psiloveyou.xyz/my-parents-are-nudist-or-as-they-say-comfortablists-1ed139f0e658?source=topic_page---------105------------------1
107,https://medium.com/refinery29/black-dont-crack-is-stressing-me-out-cb35a6b470bd?source=topic_page---------106------------------1
108,https://medium.com/@AnneMcVicar/my-body-my-voice-2f28c936415e?source=topic_page---------107------------------1
109,https://psiloveyou.xyz/fair-lovely-50551e3cb438?source=topic_page---------108------------------1
110,https://medium.com/fearless-she-wrote/feel-the-wind-blowing-through-your-leg-hair-d5bb38f8d452?source=topic_page---------109------------------1
0,https://medium.com/tenderlymag/7-pieces-of-ecological-thought-to-read-in-our-current-moment-82c22ac1e2d2?source=topic_page---------------------------20
1,https://medium.com/better-programming/5-books-you-can-read-to-boost-your-computer-science-knowledge-during-self-quarantine-5f2172f321fc?source=topic_page---------0------------------1
2,https://medium.com/london-literary-review/isabel-allendes-chile-as-a-demonstration-of-authoritarian-uprising-8f6bf07b0824?source=topic_page---------1------------------1
3,https://medium.com/@michaelaustin_47141/the-quarantined-mind-9989926e3a50?source=topic_page---------2------------------1
4,https://medium.com/@MikeSturm
5,https://medium.com/@bryanmetzger/capitalist-realism-e8308761e0bf?source=topic_page---------4------------------1
6,https://medium.com/@neha.ag/book-review-chen-qiufans-the-waste-tide-be287f4f73ca?source=topic_page---------5------------------1
7,https://medium.com/mind-cafe/a-simple-framework-to-help-you-read-more-and-get-more-out-of-what-you-read-c4d8f03bab0e?source=topic_page---------6------------------1
8,https://journalofbeautifulbusiness.com/stories-for-health-during-covid-19-71e7a9d03299?source=topic_page---------7------------------1
9,https://medium.com/@bobcwenrich/disaster-capitalism-in-william-gaddis-j-r-aa7fda693723?source=topic_page---------8------------------1
10,https://medium.com/the-straight-dope/calling-out-evangelicals-for-what-they-really-are-f6bd6719a4f8?source=topic_page---------9------------------1
11,https://medium.com/@RuchithaG/feminism-scares-me-reading-bad-feminist-ee3a14db9e6a?source=topic_page---------10------------------1
12,https://medium.com/@cynthiagiles/didions-white-space-novel-36c2942fcd7d?source=topic_page---------11------------------1
13,https://medium.com/mind-cafe/five-ancient-books-of-wisdom-that-everyone-should-read-1e1f13879fb0?source=topic_page---------12------------------1
14,https://medium.com/@kell_yes/7-books-you-could-read-in-the-time-it-would-take-you-to-read-infinite-jest-482f25f1a81d?source=topic_page---------13------------------1
15,https://medium.com/@prav77/an-obsessive-quest-into-the-ordinary-mysteries-of-life-78f6ec9e841?source=topic_page---------14------------------1
16,https://medium.com/@carlyroselani/the-laziest-revolution-how-kill-all-normies-defines-and-defies-political-extremes-9550a9c8647f?source=topic_page---------15------------------1
17,https://medium.com/buzzkillmagazine/is-fanfiction-a-legitimate-genre-b6393387e550?source=topic_page---------16------------------1
18,https://medium.com/better-programming/the-art-of-discarding-for-programmers-73a9696d59bd?source=topic_page---------17------------------1
19,https://onezero.medium.com/even-lab-grown-meat-wont-save-us-from-a-terrible-reckoning-d749c7b5e006?source=topic_page---------18------------------1
20,https://zora.medium.com/samantha-irby-was-made-for-self-isolating-286fa295f21e?source=topic_page---------19------------------1
21,https://thebolditalic.com/need-a-new-book-order-these-fresh-reads-by-bay-area-authors-d08224b65d7d?source=topic_page---------20------------------1
22,https://medium.com/@mollyviro/quaran-reads-e092b2d4bac2?source=topic_page---------21------------------1
23,https://medium.com/bound-by-books/why-i-couldnt-finish-black-leopard-red-wolf-2b84903e997b?source=topic_page---------22------------------1
24,https://medium.com/ballasts-for-the-mind/review-the-sword-and-the-shield-the-revolutionary-lives-of-malcolm-x-and-martin-luther-king-jr-bab97f57c508?source=topic_page---------23------------------1
25,https://thebolditalic.com/friday-five-ways-to-embrace-the-sf-public-library-from-your-bedroom-fe7e09ad5ece?source=topic_page---------24------------------1
26,https://medium.com/age-of-awareness/from-latchkey-girls-to-middle-aged-career-women-a-review-of-why-we-cant-sleep-b1362735a439?source=topic_page---------25------------------1
27,https://level.medium.com/the-coronavirus-sanity-handbook-comic-books-e44d49a63553?source=topic_page---------26------------------1
28,https://gen.medium.com/the-journalist-who-predicted-a-pandemic-eerily-similar-to-our-own-29881f492ccd?source=topic_page---------27------------------1
29,https://medium.com/bound-by-books/four-books-that-teach-little-kids-about-big-feelings-3c3ab95fecdd?source=topic_page---------28------------------1
30,https://zora.medium.com/10-books-by-black-women-to-read-during-times-of-uncertainty-bb8a8fa269fc?source=topic_page---------29------------------1
31,https://medium.com/pulpmag/on-the-finite-nature-of-humans-2fe73fbcb379?source=topic_page---------30------------------1
32,https://medium.com/the-thriving-life-publication/how-to-read-multiple-books-at-a-time-8d7093dbaa68?source=topic_page---------31------------------1
33,https://medium.com/@emilyeymundson20/little-bee-by-chris-cleave-4bcab781984?source=topic_page---------32------------------1
34,https://medium.com/@joegarza66/marvel-comics-ditches-creativity-to-appeal-to-the-woke-crowd-299f361d4e8?source=topic_page---------33------------------1
35,https://medium.com/@rstevens/why-are-you-reading-so-many-books-this-year-5b295e12da1d?source=topic_page---------34------------------1
36,https://medium.com/the-culture-corner/how-to-read-anna-karenina-properly-812627b033a6?source=topic_page---------35------------------1
37,https://medium.com/fearless-she-wrote/why-do-we-call-fun-books-written-for-women-chick-lit-e06f1c5e2641?source=topic_page---------36------------------1
38,https://medium.com/@calvinduffy/review-station-eleven-by-emily-st-john-mandel-133344ef4cb1?source=topic_page---------37------------------1
39,https://medium.com/@stevengambardella/philosophy-books-for-self-isolation-613fa62c26aa?source=topic_page---------38------------------1
40,https://medium.com/the-parent-experiment/2020-childrens-book-list-teaching-resilience-to-toddlers-kids-310ca620c3f7?source=topic_page---------39------------------1
41,https://medium.com/@ranjaniwriter/read-it-quick-before-the-coffee-gets-cold-7c744c6a3934?source=topic_page---------40------------------1
42,https://medium.com/@debwax/the-politics-of-the-wonderful-wizard-of-oz-941f584a7e45?source=topic_page---------41------------------1
43,https://medium.com/@sidnathy/frank-herberts-dune-and-salman-rushdie-s-satanic-verses-82ddc6af2af1?source=topic_page---------42------------------1
44,https://uxdesign.cc/decoding-the-symbols-of-the-user-2ddd2e4c3ac0?source=topic_page---------43------------------1
45,https://marker.medium.com/10-essential-books-to-help-you-lead-through-uncertainty-eff242cebe2b?source=topic_page---------44------------------1
46,https://medium.com/ash-amy/youtuber-books-reviewed-43a666ac12e5?source=topic_page---------45------------------1
47,https://medium.com/wilder-with-yael-wolfe/lighting-our-own-hearth-a485b90d9295?source=topic_page---------46------------------1
48,https://medium.com/better-marketing/your-writing-sucks-because-you-dont-build-tension-8f8a9705425a?source=topic_page---------47------------------1
49,https://medium.com/@methminiwijesinghe/five-books-to-read-while-you-are-saving-the-world-by-staying-at-home-13892c824bd0?source=topic_page---------48------------------1
50,https://medium.com/@elizabethmcnair/what-you-didnt-learn-about-charlotte-brontë-in-high-school-7935f6ea3c99?source=topic_page---------49------------------1
51,https://entrepreneurshandbook.co/7-great-business-books-every-entrepreneur-must-read-5d49384bfaca?source=topic_page---------50------------------1
52,https://medium.com/swlh/5-books-every-young-investor-must-read-fcdc1ec3b379?source=topic_page---------51------------------1
53,https://gen.medium.com/the-undocumented-americans-is-the-immigration-punk-manifesto-we-need-today-f09e01636952?source=topic_page---------52------------------1
54,https://medium.com/swlh/heartbreaking-books-that-will-teach-you-how-to-write-women-211de570f474?source=topic_page---------53------------------1
55,https://medium.com/tan-kit-yung/the-right-way-to-view-habits-atomic-habits-by-james-clear-a931b5154800?source=topic_page---------54------------------1
56,https://medium.com/@timboucher/8-essential-indie-publishing-tools-fe4589791e5f?source=topic_page---------55------------------1
57,https://medium.com/read-about-it/coronavirus-is-the-only-story-in-town-24c581d61ffa?source=topic_page---------56------------------1
58,https://medium.com/@sophiabeams/uncovering-agatha-christie-why-were-her-mysteries-so-popular-180b6230d13f?source=topic_page---------57------------------1
59,https://medium.com/@mitch.horowitz.nyc/working-class-sage-7852d1c89331?source=topic_page---------58------------------1
60,https://medium.com/@samzabell/books-to-read-during-quarantine-d49567d42168?source=topic_page---------59------------------1
61,https://medium.com/@batyouk4/modernism-and-feminism-at-the-crossroads-in-kate-chopins-the-story-of-an-hour-85b20aa46823?source=topic_page---------60------------------1
62,https://medium.com/@rajiayinla858/the-economic-merry-go-round-of-the-the-maltese-falcon-9d9d97487001?source=topic_page---------61------------------1
63,https://medium.com/@rajiayinla858/chaucers-canterbury-tales-modernizes-heroism-with-a-rooster-7a850c730b31?source=topic_page---------62------------------1
64,https://medium.com/publishous/how-to-travel-vicariously-while-in-lockdown-a59ecd3eef4b?source=topic_page---------63------------------1
65,https://medium.com/@mollimcconnell/review-les-quatre-filles-du-docteur-marsch-by-louisa-may-alcott-translation-by-p-j-stahl-2f5934ad6647?source=topic_page---------64------------------1
66,https://medium.com/nlp-school/empathy-a-key-to-the-covid-19-crisis-6c3f451d8385?source=topic_page---------65------------------1
67,https://medium.com/kaizen-habits/books-you-can-read-in-self-isolation-to-work-better-from-home-improve-your-health-and-stay-hopeful-93c7ffaa4a2b?source=topic_page---------66------------------1
68,https://medium.com/better-marketing/how-to-write-a-whole-book-in-two-weeks-fa07398fbf48?source=topic_page---------67------------------1
69,https://medium.com/better-marketing/if-you-want-to-be-a-better-writer-study-elena-ferrante-4490c220aa7b?source=topic_page---------68------------------1
70,https://medium.com/fantastic-women-series/the-queen-of-crime-agatha-christie-b1dc1d30c95f?source=topic_page---------69------------------1
71,https://medium.com/@huewoodson/a-play-of-forces-structure-meaning-and-the-hermeneutic-significance-of-edgar-allan-poes-the-4f5c666133?source=topic_page---------70------------------1
72,https://medium.com/happiness-in-training/why-the-news-isnt-helping-ab10fad6c436?source=topic_page---------71------------------1
73,https://medium.com/@christopherwillardauthor/6-great-long-novels-for-your-quarantine-cc3d247a49ea?source=topic_page---------72------------------1
74,https://forge.medium.com/what-to-read-watch-and-listen-to-when-youre-sober-curious-83e83b2e975b?source=topic_page---------73------------------1
75,https://medium.com/@mirandagershoni/learning-how-to-do-nothing-46dce3eec0d3?source=topic_page---------74------------------1
76,https://medium.com/@soulstoriesbydivya/how-venus-rose-25665e49bca2?source=topic_page---------75------------------1
77,https://medium.com/@rebeccagraf_63084/theme-of-social-classes-inevitable-social-classes-in-animal-farm-5680688e05c0?source=topic_page---------76------------------1
78,https://medium.com/@zhangyue9306/synopsis-of-factfulness-e925c85e9310?source=topic_page---------77------------------1
79,https://medium.com/better-marketing/a-quick-guide-to-comma-rules-that-your-english-teacher-probably-should-have-taught-you-6f668015e675?source=topic_page---------78------------------1
80,https://zora.medium.com/zoras-editors-picks-for-a-pandemic-3f6b6a15470f?source=topic_page---------79------------------1
81,https://medium.com/@PsychologyMarc/the-writer-and-the-daydreamer-443c81cc17f4?source=topic_page---------80------------------1
82,https://medium.com/@junekhxnh/reading-in-the-midst-of-a-pandemic-e34cab05fd69?source=topic_page---------81------------------1
83,https://medium.com/@ujuonyishi/5-books-featuring-black-female-protagonists-you-should-read-right-now-42588579cc43?source=topic_page---------82------------------1
84,https://medium.com/swlh/beware-the-ghosts-of-memories-past-c52b5c5cf4ac?source=topic_page---------83------------------1
85,https://medium.com/datadriveninvestor/how-economics-chiefs-set-up-a-secret-policy-group-under-jimmy-carter-d5438fea60f4?source=topic_page---------84------------------1
86,https://medium.com/@markwatney/torturing-jews-and-weeping-over-schubert-23ad98d20ed2?source=topic_page---------85------------------1
87,https://medium.com/@walshkeith123/making-your-own-system-tosh-berman-on-his-father-artist-wallace-berman-7d1160916e51?source=topic_page---------86------------------1
88,https://medium.com/@natashatroyka/camus-on-the-pandemic-aa389b19e6bd?source=topic_page---------87------------------1
89,https://medium.com/@neilpasricha/25-of-the-best-books-to-read-during-coronavirus-9cc832eec8be?source=topic_page---------88------------------1
90,https://medium.com/@cullen.traynor/fiction-the-unrecognized-simulation-of-our-world-82ab63828440?source=topic_page---------89------------------1
91,https://medium.com/the-epilogue/this-is-the-best-book-ive-read-about-creative-writing-6a11416d1b43?source=topic_page---------90------------------1
92,https://medium.com/@jason_w_dean/jane-squire-on-the-longitude-dd96ebcadb?source=topic_page---------91------------------1
93,https://medium.com/@bullmurph/your-curated-covid-19-reading-list-7649ad8042cb?source=topic_page---------92------------------1
94,https://medium.com/better-marketing/how-to-write-to-market-instead-of-gambling-with-your-work-ca38c02a19bd?source=topic_page---------93------------------1
95,https://medium.com/lessons-from-history/robert-caro-on-how-to-write-a-biography-5eab24beafc1?source=topic_page---------94------------------1
96,https://medium.com/swlh/what-i-learned-about-writing-from-what-i-talk-about-when-i-talk-about-running-by-haruki-murakami-a5d9331445d9?source=topic_page---------95------------------1
97,https://arcdigital.media/is-china-still-maoist-d8ec83ac1084?source=topic_page---------96------------------1
98,https://medium.com/@bruces/the-task-lamp-by-bruce-sterling-2019-d4e4c03044a0?source=topic_page---------97------------------1
99,https://medium.com/the-ascent/the-1-thing-i-wish-i-knew-before-i-wrote-my-book-642570e68c1d?source=topic_page---------98------------------1
100,https://medium.com/writers-blokke/transform-your-writing-life-with-this-forgotten-book-eb678be6d9c1?source=topic_page---------99------------------1
101,https://medium.com/@kevin_indig/6-books-for-resilience-and-context-during-the-corona-crisis-e32c5523a152?source=topic_page---------100------------------1
102,https://medium.com/@moffat.susan_47113/little-house-in-the-pandemic-2fc17a155ad2?source=topic_page---------101------------------1
103,https://medium.com/@freyakrohn/the-8-most-perfect-books-to-read-aloud-while-quarantined-f2d0a4ab0f35?source=topic_page---------102------------------1
104,https://medium.com/@huewoodson/william-blakes-philosophy-of-aesthetics-4edf9e34a9e0?source=topic_page---------103------------------1
105,https://medium.com/@rikcw/a-year-on-discworld-book-8-guards-guards-d7b646a0ff49?source=topic_page---------104------------------1
106,https://medium.com/@andrekimostoneguess/colson-whiteheads-the-underground-railroad-and-the-complexity-of-freedom-d8bd1e809b7e?source=topic_page---------105------------------1
107,https://medium.com/the-coastline-is-quiet/kameron-hurleys-the-light-brigade-is-a-fun-sci-fi-adventure-eadf560017eb?source=topic_page---------106------------------1
108,https://medium.com/@huewoodson/on-william-blakes-milton-and-the-aesthetic-4f9d777e884c?source=topic_page---------107------------------1
109,https://medium.com/an-injustice/how-native-son-makes-me-feel-eighty-years-later-43a63f6af24b?source=topic_page---------108------------------1
110,https://medium.com/the-straight-dope/the-illusion-of-choice-in-america-1231bf7f2e4c?source=topic_page---------109------------------1
0,https://level.medium.com/the-coronavirus-sanity-handbook-comic-books-e44d49a63553?source=topic_page---------------------------20
1,https://medium.com/@rstevens/how-are-you-holding-up-pale-suzie-a9037cad2809?source=topic_page---------0------------------1
2,https://medium.com/andy-anderson-cartoons/working-from-home-be-like-21ac3617d269?source=topic_page---------1------------------1
3,https://medium.com/@BackgroundNoiseComic/tik-tok-mom-a5ef8b875965?source=topic_page---------2------------------1
4,https://medium.com/@hilaryfitzgeraldcampbell
5,https://medium.com/@BackgroundNoiseComic/going-the-distance-87fdaad39aa1?source=topic_page---------4------------------1
6,https://medium.com/@prav77/an-obsessive-quest-into-the-ordinary-mysteries-of-life-78f6ec9e841?source=topic_page---------5------------------1
7,https://medium.com/@hilaryfitzgeraldcampbell/corona-diaries-vol-1-e6a63f5088b0?source=topic_page---------6------------------1
8,https://medium.com/@rstevens/i-think-i-might-need-to-set-up-my-snes-7d008b813a3b?source=topic_page---------7------------------1
9,https://medium.com/@rstevens/cat-box-destiny-3b8c084d3975?source=topic_page---------8------------------1
10,https://medium.com/@BackgroundNoiseComic/pandemic-portals-c2ae777e7e0f?source=topic_page---------9------------------1
11,https://medium.com/@rstevens/why-are-you-reading-so-many-books-this-year-5b295e12da1d?source=topic_page---------10------------------1
12,https://medium.com/@michaelgrover91/arfer-open-up-your-eyes-open-up-your-ears-2ae02154df85?source=topic_page---------11------------------1
13,https://nexusmedianews.com/are-we-screwed-on-climate-change-ab539ab98ee4?source=topic_page---------12------------------1
14,https://medium.com/swlh/be-nice-to-me-a757b940a875?source=topic_page---------13------------------1
15,https://medium.com/@marcialiss17/losses-and-gains-64288fe2409d?source=topic_page---------14------------------1
16,https://medium.com/@marcialiss17/during-coronavirus-fc2be6989833?source=topic_page---------15------------------1
17,https://medium.com/sashas-comics/guide-on-creating-your-own-web-comic-bcf59cf15f00?source=topic_page---------16------------------1
18,https://medium.com/@rstevens/greetings-and-hello-lord-sadness-daddy-90a052e302ce?source=topic_page---------17------------------1
19,https://medium.com/andy-anderson-cartoons/selling-toilet-paper-95a4a0a43151?source=topic_page---------18------------------1
20,https://medium.com/@marcialiss17/alone-with-the-phone-bd91a9a4257b?source=topic_page---------19------------------1
21,https://medium.com/the-fluxus/today-everyday-a0bc9672f97b?source=topic_page---------20------------------1
22,https://medium.com/@rstevens/do-you-put-cream-and-sugar-in-your-apocalypse-juice-️-e3096506ec0e?source=topic_page---------21------------------1
23,https://medium.com/@michaelgrover91/arfer-listen-to-the-beat-57555c17aa60?source=topic_page---------22------------------1
24,https://medium.com/@rstevens/in-case-you-wondered-why-people-really-take-photos-of-cats-ad5cdd319881?source=topic_page---------23------------------1
25,https://medium.com/@BackgroundNoiseComic/green-genes-fe621cccfaee?source=topic_page---------24------------------1
26,https://medium.com/@gwetekamp23/remember-all-star-batman-and-robin-i-sure-wish-i-didnt-1677a83268df?source=topic_page---------25------------------1
27,https://humanparts.medium.com/respect-is-no-substitute-for-love-a39fbd56702d?source=topic_page---------26------------------1
28,https://thebelladonnacomedy.com/famous-paintings-tinder-profiles-7710f6a8e6fe?source=topic_page---------27------------------1
29,https://medium.com/@rstevens/lets-talk-politics-962cb320d3ef?source=topic_page---------28------------------1
30,https://medium.com/@BackgroundNoiseComic/who-let-the-dogs-out-980c127b10b?source=topic_page---------29------------------1
31,https://level.medium.com/black-folks-9-favorite-dragon-ball-z-characters-ranked-ce0c55206c49?source=topic_page---------30------------------1
32,https://medium.com/@michaelgrover91/arfer-and-get-along-each-other-60edb311a91b?source=topic_page---------31------------------1
33,https://medium.com/@rstevens/where-does-someone-get-such-a-bad-cat-efa162565df8?source=topic_page---------32------------------1
34,https://medium.com/@sarahthefirth/fear-99cd5d7996e1?source=topic_page---------33------------------1
35,https://medium.com/@michaelgrover91/arfer-where-we-can-learn-to-work-play-aeaa075b2c2c?source=topic_page---------34------------------1
36,https://medium.com/spiralbound/underneath-it-all-1524f61be0b4?source=topic_page---------35------------------1
37,https://medium.com/@rstevens/whats-the-big-deal-about-analog-books-37ea0a00e971?source=topic_page---------36------------------1
38,https://medium.com/@lizadonnelly/love-in-the-time-of-cornoa-virus-98e6a8546edc?source=topic_page---------37------------------1
39,https://medium.com/@rstevens/what-do-you-do-when-a-friend-asks-if-you-listen-to-their-podcast-ac2972dfddd1?source=topic_page---------38------------------1
40,https://humanparts.medium.com/ask-olive-im-both-lonely-and-terrified-of-being-seen-8c561bd937b4?source=topic_page---------39------------------1
41,https://thebelladonnacomedy.com/goofus-and-gallant-in-the-global-pandemic-965c42b1f34f?source=topic_page---------40------------------1
42,https://medium.com/andy-anderson-cartoons/remember-to-practice-good-hygiene-5962fed71b90?source=topic_page---------41------------------1
43,https://medium.com/@rachelpinheiro12/i-already-know-i-always-ask-for-the-moon-fruits-basket-and-the-curse-of-family-71a106c26977?source=topic_page---------42------------------1
44,https://medium.com/@BackgroundNoiseComic/sojourn-south-3ead325d3839?source=topic_page---------43------------------1
45,https://medium.com/@rstevens/dont-explain-her-joke-back-to-her-ok-eabc1fee4412?source=topic_page---------44------------------1
46,https://medium.com/the-case-of-curious-birds/the-shortest-story-ever-written-2c927673508a?source=topic_page---------45------------------1
47,https://medium.com/@rachelpinheiro12/analysis-of-trauma-representation-in-anime-and-manga-b287fb634724?source=topic_page---------46------------------1
48,https://bellocollective.com/meet-the-fantastic-minds-behind-marvels-9ea3440af230?source=topic_page---------47------------------1
49,https://medium.com/@marcialiss17/missing-mommy-23fe14cf2902?source=topic_page---------48------------------1
50,https://medium.com/@rstevens/imagine-a-world-without-twitter-8f16700b8827?source=topic_page---------49------------------1
51,https://medium.com/@rstevens/tonights-comic-is-in-a-wistful-mood-8f9957c4cb88?source=topic_page---------50------------------1
52,https://medium.com/@rstevens/the-internet-isnt-all-bad-i-guess-c09eb5f85649?source=topic_page---------51------------------1
53,https://medium.com/@rstevens/what-do-you-do-when-someone-asks-why-youre-covered-in-blood-7e8eeaa60598?source=topic_page---------52------------------1
54,https://medium.com/spiralbound/one-way-to-learn-english-e35e877aa9af?source=topic_page---------53------------------1
55,https://medium.com/@BackgroundNoiseComic/stardust-7c28b6bd555d?source=topic_page---------54------------------1
56,https://medium.com/@BackgroundNoiseComic/moonlight-sonata-c4a10b6b0eff?source=topic_page---------55------------------1
57,https://medium.com/@megbiddleart/time-management-861bb86004fb?source=topic_page---------56------------------1
58,https://medium.com/@marcialiss17/fairy-tales-and-unicorns-51169af693a6?source=topic_page---------57------------------1
59,https://medium.com/andy-anderson-cartoons/self-driving-pulled-over-39a05246d52d?source=topic_page---------58------------------1
60,https://medium.com/@BackgroundNoiseComic/bake-wake-2e9a219541f0?source=topic_page---------59------------------1
61,https://medium.com/@BackgroundNoiseComic/strangers-on-a-train-454a1fc6dddb?source=topic_page---------60------------------1
62,https://medium.com/@rstevens/tonights-comic-stars-torpor-s-fifth-or-sixth-best-friend-76116cae5851?source=topic_page---------61------------------1
63,https://medium.com/@rstevens/tonights-comic-drinks-really-bad-coffee-once-a-week-337a3ca3448c?source=topic_page---------62------------------1
64,https://medium.com/@rstevens/rank-amateurs-32a91661c066?source=topic_page---------63------------------1
65,https://medium.com/@rstevens/tell-me-something-good-torpor-2a8c15a295ea?source=topic_page---------64------------------1
66,https://medium.com/pulpmag/uncomfortable-nuggets-of-sex-talk-cd3e519654da?source=topic_page---------65------------------1
67,https://medium.com/spiralbound/what-to-do-during-a-dry-spell-b45ae6d271f7?source=topic_page---------66------------------1
68,https://medium.com/the-cosmic-companion/plutos-atmosphere-1ad93d63ce41?source=topic_page---------67------------------1
69,https://medium.com/@marcialiss17/the-mathematician-275b25a958fa?source=topic_page---------68------------------1
70,https://medium.com/@BackgroundNoiseComic/napping-not-napping-f156f8aca72e?source=topic_page---------69------------------1
71,https://medium.com/@marcialiss17/so-near-and-yet-so-far-b35daa7eb520?source=topic_page---------70------------------1
72,https://medium.com/spiralbound/does-this-toy-spark-joy-72ceb5b3aacb?source=topic_page---------71------------------1
73,https://medium.com/the-cosmic-companion/max-on-mars-feb-20-2020-one-small-step-for-cats-adb6e4ffc47f?source=topic_page---------72------------------1
74,https://medium.com/@marcialiss17/the-buffet-ade4b31746d0?source=topic_page---------73------------------1
75,https://medium.com/@lizadonnelly/democratic-candidates-at-each-others-throats-6fcf4106d98b?source=topic_page---------74------------------1
76,https://medium.com/@marcialiss17/the-request-e04360b12bd5?source=topic_page---------75------------------1
77,https://risingyoungminds.com/have-the-x-men-found-their-nirvana-1c3e8a5311d0?source=topic_page---------76------------------1
78,https://medium.com/@rstevens/you-really-think-the-world-would-be-better-off-without-people-30b572cc70f3?source=topic_page---------77------------------1
79,https://medium.com/@rstevens/pants-the-original-conspiracy-d339aef19804?source=topic_page---------78------------------1
80,https://medium.com/@adammcgovern/terminal-romantic-9e3b1c81c3c0?source=topic_page---------79------------------1
81,https://medium.com/andy-anderson-cartoons/valentines-day-loan-c8f3e482d7b9?source=topic_page---------80------------------1
82,https://medium.com/@rstevens/happy-wizard-friday-everybody-9ce12feb26c6?source=topic_page---------81------------------1
83,https://medium.com/spiralbound/ongoing-race-conversations-with-my-son-fefa45e668f1?source=topic_page---------82------------------1
84,https://medium.com/@BackgroundNoiseComic/epidemic-of-silence-7c459eb98e06?source=topic_page---------83------------------1
85,https://medium.com/@rstevens/books-take-up-too-much-space-53e84583cd7b?source=topic_page---------84------------------1
86,https://medium.com/@rstevens/tonights-comic-is-watching-the-cats-while-you-re-away-ff0a1d2402c8?source=topic_page---------85------------------1
87,https://medium.com/@vincentpauldefeo/introducing-jo-mullein-dc-comics-far-sector-s-iconic-new-green-lantern-4c0933001f51?source=topic_page---------86------------------1
88,https://medium.com/@BackgroundNoiseComic/our-first-time-on-the-couch-e444ccacd93c?source=topic_page---------87------------------1
89,https://medium.com/@lizadonnelly/drawing-the-92nd-academy-awards-7c8ea0f38d0e?source=topic_page---------88------------------1
90,https://medium.com/@geekdads/preview-plunge-1-from-hill-house-comics-de83b51db9c7?source=topic_page---------89------------------1
91,https://medium.com/@BackgroundNoiseComic/mirror-in-the-bathroom-667edb3a77fb?source=topic_page---------90------------------1
92,https://medium.com/spiralbound/closed-heart-open-heart-c3b7f0b21935?source=topic_page---------91------------------1
93,https://medium.com/@rstevens/red-robot-is-in-charge-of-kitty-this-week-d38303aff9ca?source=topic_page---------92------------------1
94,https://thecreative.cafe/navel-war-aec847054e1e?source=topic_page---------93------------------1
95,https://medium.com/spiralbound/monster-8640319cc10d?source=topic_page---------94------------------1
96,https://medium.com/@hilaryfitzgeraldcampbell/oscars-2020-live-draw-14dab2398f66?source=topic_page---------95------------------1
97,https://medium.com/humungus/5-thoughts-i-had-while-watching-birds-of-prey-5b06b942fe24?source=topic_page---------96------------------1
98,https://medium.com/@BackgroundNoiseComic/shaky-ground-9030657f1901?source=topic_page---------97------------------1
99,https://medium.com/@BackgroundNoiseComic/the-social-game-122c9a909443?source=topic_page---------98------------------1
100,https://medium.com/@rstevens/tonights-comic-is-about-the-most-optimistic-thing-you-can-do-361892e3d81d?source=topic_page---------99------------------1
101,https://medium.com/@BackgroundNoiseComic/the-mad-hatter-5ee43a59aab6?source=topic_page---------100------------------1
102,https://medium.com/@marcialiss17/which-way-is-up-d2fcb0720648?source=topic_page---------101------------------1
103,https://medium.com/@lizadonnelly/drawing-the-impeachment-trial-4111edc517ef?source=topic_page---------102------------------1
104,https://medium.com/@raudaschl_32859/the-coronavirus-outbreak-so-far-and-why-its-so-concerning-comic-cd83d445f105?source=topic_page---------103------------------1
105,https://medium.com/@rstevens/gooood-goood-e47bd84fdafc?source=topic_page---------104------------------1
106,https://medium.com/@marcialiss17/the-power-of-no-3608a1db5f21?source=topic_page---------105------------------1
107,https://medium.com/@SeanSeamus/notes-from-my-gay-middle-age-welcome-to-the-other-side-2f578cd23b3b?source=topic_page---------106------------------1
108,https://medium.com/@lizadonnelly/what-pelosi-did-at-the-sotu-7d0f1faa2c99?source=topic_page---------107------------------1
109,https://medium.com/@rstevens/tonights-comic-has-a-serious-question-about-being-human-671ea4c4d09e?source=topic_page---------108------------------1
110,https://medium.com/@marcialiss17/the-psychic-8e91f7084b18?source=topic_page---------109------------------1
