title,link
Art,https://medium.com/topic/art
Beauty,https://medium.com/topic/beauty
Books,https://medium.com/topic/books
Comics,https://medium.com/topic/comics
Culture,https://medium.com/topic/culture
Fiction,https://medium.com/topic/fiction
Film,https://medium.com/topic/film
Food,https://medium.com/topic/food
Gaming,https://medium.com/topic/gaming
Humor,https://medium.com/topic/humor
Makers,https://medium.com/topic/makers
Music,https://medium.com/topic/music
Photography,https://medium.com/topic/photography
Podcasts,https://medium.com/topic/podcasts
Poetry,https://medium.com/topic/poetry
Social Media,https://medium.com/topic/social-media
Sports,https://medium.com/topic/sports
Style,https://medium.com/topic/style
True Crime,https://medium.com/topic/true-crime
TV,https://medium.com/topic/tv
Writing,https://medium.com/topic/writing
Biotech,https://medium.com/topic/biotech
Business,https://medium.com/topic/business
Design,https://medium.com/topic/design
Economy,https://medium.com/topic/economy
Freelancing,https://medium.com/topic/freelancing
Leadership,https://medium.com/topic/leadership
Marketing,https://medium.com/topic/marketing
Product Management,https://medium.com/topic/product-management
Productivity,https://medium.com/topic/productivity
Remote Work,https://medium.com/topic/remote-work
Startups,https://medium.com/topic/startups
Venture Capital,https://medium.com/topic/venture-capital
Work,https://medium.com/topic/work
Accessibility,https://medium.com/topic/accessibility
Android Dev,https://medium.com/topic/android-development
Artificial Intelligence,https://medium.com/topic/artificial-intelligence
Blockchain,https://medium.com/topic/blockchain
Cryptocurrency,https://medium.com/topic/cryptocurrency
Cybersecurity,https://medium.com/topic/cybersecurity
Data Science,https://medium.com/topic/data-science
Digital Life,https://medium.com/topic/digital-life
Gadgets,https://medium.com/topic/gadgets
iOS Dev,https://medium.com/topic/ios-development
Javascript,https://medium.com/topic/javascript
Machine Learning,https://medium.com/topic/machine-learning
Math,https://medium.com/topic/math
Neuroscience,https://medium.com/topic/neuroscience
Programming,https://medium.com/topic/programming
Science,https://medium.com/topic/science
Self-Driving Cars,https://medium.com/topic/self-driving-cars
Software Engineering,https://medium.com/topic/software-engineering
Space,https://medium.com/topic/space
Technology,https://medium.com/topic/technology
UX,https://medium.com/topic/ux
Visual Design,https://medium.com/topic/visual-design
Addiction,https://medium.com/topic/addiction
Cannabis,https://medium.com/topic/cannabis
Creativity,https://medium.com/topic/creativity
Disability,https://medium.com/topic/disability
Family,https://medium.com/topic/family
Fitness,https://medium.com/topic/fitness
Health,https://medium.com/topic/health
Lifestyle,https://medium.com/topic/lifestyle
Mental Health,https://medium.com/topic/mental-health
Mindfulness,https://medium.com/topic/mindfulness
Money,https://medium.com/topic/money
Outdoors,https://medium.com/topic/outdoors
Parenting,https://medium.com/topic/parenting
Pets,https://medium.com/topic/pets
Psychedelics,https://medium.com/topic/psychedelics
Psychology,https://medium.com/topic/psychology
Relationships,https://medium.com/topic/relationships
Self,https://medium.com/topic/self
Sexuality,https://medium.com/topic/sexuality
Spirituality,https://medium.com/topic/spirituality
Travel,https://medium.com/topic/travel
Basic Income,https://medium.com/topic/basic-income
Cities,https://medium.com/topic/cities
Coronavirus,https://medium.com/topic/coronavirus
Education,https://medium.com/topic/education
Election 2020,https://medium.com/topic/election-2020
Environment,https://medium.com/topic/environment
Equality,https://medium.com/topic/equality
Future,https://medium.com/topic/future
Gun Control,https://medium.com/topic/gun-control
History,https://medium.com/topic/history
Immigration,https://medium.com/topic/immigration
Justice,https://medium.com/topic/justice
Language,https://medium.com/topic/language
LGBTQIA,https://medium.com/topic/lgbtqia
Media,https://medium.com/topic/media
Philosophy,https://medium.com/topic/philosophy
Politics,https://medium.com/topic/politics
Privacy,https://medium.com/topic/privacy
Race,https://medium.com/topic/race
Religion,https://medium.com/topic/religion
San Francisco,https://medium.com/topic/san-francisco
Society,https://medium.com/topic/society
Transportation,https://medium.com/topic/transportation
Women,https://medium.com/topic/women
World,https://medium.com/topic/world
